{"cameraMode":{"drawMode":0,"name":"Shaded","section":"Shading Mode"},"sceneLighting":true,"audioPlay":false,"sceneViewState":{"m_AlwaysRefresh":false,"showFog":true,"showSkybox":true,"showFlares":true,"showImageEffects":true,"showParticleSystems":true,"showVisualEffectGraphs":true,"m_FxEnabled":true},"in2DMode":false,"pivot":{"x":28.883621215820314,"y":1.6289043426513672,"z":-11.410926818847657},"rotation":{"x":0.0028708786703646185,"y":0.9965277910232544,"z":-0.07368768751621247,"w":0.03887130320072174},"size":28.801837921142579,"orthographic":false}